AÃ±o,Trimestre,Provincia,Mbps (Media de bajada),Unnamed: 4,Unnamed: 5
2022,3,BuenosAires,70,00,00
2022,3,CapitalFederal,101,00,00
2022,3,Catamarca,61,00,00
2022,3,Chaco,53,00,00
2022,3,Chubut,16,00,00
2022,3,CÃ³rdoba,56,00,00
2022,3,Corrientes,45,00,00
2022,3,EntreRÃ­os,42,00,00
2022,3,Formosa,30,00,00
2022,3,Jujuy,32,00,00
2022,3,LaPampa,18,00,00
2022,3,LaRioja,44,00,00
2022,3,Mendoza,34,00,00
2022,3,Misiones,49,00,00
2022,3,NeuquÃ©n,48,00,00
2022,3,RÃ­oNegro,34,00,00
2022,3,Salta,41,00,00
2022,3,SanJuan,16,00,00
2022,3,SanLuis,19,00,00
2022,3,SantaCruz,13,00,00
2022,3,SantaFe,45,00,00
2022,3,SantiagoDelEstero,18,00,00
2022,3,TierraDelFuego,11,00,00
2022,3,TucumÃ¡n,53,00,00
2022,2,BuenosAires,66,00,00
2022,2,CapitalFederal,94,00,00
2022,2,Catamarca,57,00,00
2022,2,Chaco,51,00,00
2022,2,Chubut,15,00,00
2022,2,CÃ³rdoba,54,00,00
2022,2,Corrientes,43,00,00
2022,2,EntreRÃ­os,40,00,00
2022,2,Formosa,28,00,00
2022,2,Jujuy,29,00,00
2022,2,LaPampa,16,00,00
2022,2,LaRioja,43,00,00
2022,2,Mendoza,30,00,00
2022,2,Misiones,46,00,00
2022,2,NeuquÃ©n,47,00,00
2022,2,RÃ­oNegro,33,00,00
2022,2,Salta,39,00,00
2022,2,SanJuan,14,00,00
2022,2,SanLuis,19,00,00
2022,2,SantaCruz,12,00,00
2022,2,SantaFe,42,00,00
2022,2,SantiagoDelEstero,16,00,00
2022,2,TierraDelFuego,11,00,00
2022,2,TucumÃ¡n,50,00,00
2022,1,BuenosAires,63,00,00
2022,1,CapitalFederal,88,00,00
2022,1,Catamarca,51,00,00
2022,1,Chaco,46,00,00
2022,1,Chubut,13,00,00
2022,1,CÃ³rdoba,50,00,00
2022,1,Corrientes,38,00,00
2022,1,EntreRÃ­os,36,00,00
2022,1,Formosa,30,00,00
2022,1,Jujuy,28,00,00
2022,1,LaPampa,15,00,00
2022,1,LaRioja,41,00,00
2022,1,Mendoza,26,00,00
2022,1,Misiones,42,00,00
2022,1,NeuquÃ©n,43,00,00
2022,1,RÃ­oNegro,31,00,00
2022,1,Salta,37,00,00
2022,1,SanJuan,12,00,00
2022,1,SanLuis,21,00,00
2022,1,SantaCruz,11,00,00
2022,1,SantaFe,39,00,00
2022,1,SantiagoDelEstero,14,00,00
2022,1,TierraDelFuego,11,00,00
2022,1,TucumÃ¡n,47,00,00
2021,4,BuenosAires,60,00,00
2021,4,CapitalFederal,83,00,00
2021,4,Catamarca,46,00,00
2021,4,Chaco,42,00,00
2021,4,Chubut,9,00,00
2021,4,CÃ³rdoba,46,00,00
2021,4,Corrientes,36,00,00
2021,4,EntreRÃ­os,33,00,00
2021,4,Formosa,29,00,00
2021,4,Jujuy,27,00,00
2021,4,LaPampa,14,00,00
2021,4,LaRioja,40,00,00
2021,4,Mendoza,22,00,00
2021,4,Misiones,39,00,00
2021,4,NeuquÃ©n,40,00,00
2021,4,RÃ­oNegro,27,00,00
2021,4,Salta,34,00,00
2021,4,SanJuan,11,00,00
2021,4,SanLuis,21,00,00
2021,4,SantaCruz,9,00,00
2021,4,SantaFe,36,00,00
2021,4,SantiagoDelEstero,14,00,00
2021,4,TierraDelFuego,11,00,00
2021,4,TucumÃ¡n,45,00,00
2021,3,BuenosAires,56,00,00
2021,3,CapitalFederal,78,00,00
2021,3,Catamarca,43,00,00
2021,3,Chaco,39,00,00
2021,3,Chubut,8,00,00
2021,3,CÃ³rdoba,42,00,00
2021,3,Corrientes,32,00,00
2021,3,EntreRÃ­os,30,00,00
2021,3,Formosa,27,00,00
2021,3,Jujuy,26,00,00
2021,3,LaPampa,13,00,00
2021,3,LaRioja,39,00,00
2021,3,Mendoza,13,00,00
2021,3,Misiones,31,00,00
2021,3,NeuquÃ©n,38,00,00
2021,3,RÃ­oNegro,25,00,00
2021,3,Salta,31,00,00
2021,3,SanJuan,7,00,00
2021,3,SanLuis,22,00,00
2021,3,SantaCruz,8,00,00
2021,3,SantaFe,33,00,00
2021,3,SantiagoDelEstero,13,00,00
2021,3,TierraDelFuego,10,00,00
2021,3,TucumÃ¡n,42,00,00
2021,2,BuenosAires,53,00,00
2021,2,CapitalFederal,73,00,00
2021,2,Catamarca,42,00,00
2021,2,Chaco,37,00,00
2021,2,Chubut,8,00,00
2021,2,CÃ³rdoba,40,00,00
2021,2,Corrientes,30,00,00
2021,2,EntreRÃ­os,28,00,00
2021,2,Formosa,24,00,00
2021,2,Jujuy,26,00,00
2021,2,LaPampa,12,00,00
2021,2,LaRioja,39,00,00
2021,2,Mendoza,13,00,00
2021,2,Misiones,29,00,00
2021,2,NeuquÃ©n,36,00,00
2021,2,RÃ­oNegro,24,00,00
2021,2,Salta,29,00,00
2021,2,SanJuan,7,00,00
2021,2,SanLuis,22,00,00
2021,2,SantaCruz,8,00,00
2021,2,SantaFe,31,00,00
2021,2,SantiagoDelEstero,13,00,00
2021,2,TierraDelFuego,9,00,00
2021,2,TucumÃ¡n,40,00,00
2021,1,BuenosAires,51,00,00
2021,1,CapitalFederal,68,00,00
2021,1,Catamarca,40,00,00
2021,1,Chaco,34,00,00
2021,1,Chubut,8,00,00
2021,1,CÃ³rdoba,36,00,00
2021,1,Corrientes,26,00,00
2021,1,EntreRÃ­os,24,00,00
2021,1,Formosa,21,00,00
2021,1,Jujuy,27,00,00
2021,1,LaPampa,11,00,00
2021,1,LaRioja,13,00,00
2021,1,Mendoza,13,00,00
2021,1,Misiones,25,00,00
2021,1,NeuquÃ©n,34,00,00
2021,1,RÃ­oNegro,22,00,00
2021,1,Salta,27,00,00
2021,1,SanJuan,7,00,00
2021,1,SanLuis,22,00,00
2021,1,SantaCruz,8,00,00
2021,1,SantaFe,28,00,00
2021,1,SantiagoDelEstero,12,00,00
2021,1,TierraDelFuego,9,00,00
2021,1,TucumÃ¡n,38,00,00
2020,4,BuenosAires,50,00,00
2020,4,CapitalFederal,67,00,00
2020,4,Catamarca,38,00,00
2020,4,Chaco,32,00,00
2020,4,Chubut,7,00,00
2020,4,CÃ³rdoba,35,00,00
2020,4,Corrientes,25,00,00
2020,4,EntreRÃ­os,24,00,00
2020,4,Formosa,20,00,00
2020,4,Jujuy,25,00,00
2020,4,LaPampa,10,00,00
2020,4,LaRioja,13,00,00
2020,4,Mendoza,11,00,00
2020,4,Misiones,25,00,00
2020,4,NeuquÃ©n,34,00,00
2020,4,RÃ­oNegro,22,00,00
2020,4,Salta,25,00,00
2020,4,SanJuan,6,00,00
2020,4,SanLuis,21,00,00
2020,4,SantaCruz,7,00,00
2020,4,SantaFe,27,00,00
2020,4,SantiagoDelEstero,11,00,00
2020,4,TierraDelFuego,8,00,00
2020,4,TucumÃ¡n,36,00,00
2020,3,BuenosAires,48,00,00
2020,3,CapitalFederal,64,00,00
2020,3,Catamarca,37,00,00
2020,3,Chaco,31,00,00
2020,3,Chubut,7,00,00
2020,3,CÃ³rdoba,34,00,00
2020,3,Corrientes,24,00,00
2020,3,EntreRÃ­os,22,00,00
2020,3,Formosa,18,00,00
2020,3,Jujuy,22,00,00
2020,3,LaPampa,11,00,00
2020,3,LaRioja,12,00,00
2020,3,Mendoza,10,00,00
2020,3,Misiones,24,00,00
2020,3,NeuquÃ©n,31,00,00
2020,3,RÃ­oNegro,21,00,00
2020,3,Salta,25,00,00
2020,3,SanJuan,6,00,00
2020,3,SanLuis,21,00,00
2020,3,SantaCruz,7,00,00
2020,3,SantaFe,26,00,00
2020,3,SantiagoDelEstero,11,00,00
2020,3,TierraDelFuego,9,00,00
2020,3,TucumÃ¡n,35,00,00
2020,2,BuenosAires,46,00,00
2020,2,CapitalFederal,60,00,00
2020,2,Catamarca,35,00,00
2020,2,Chaco,28,00,00
2020,2,Chubut,8,00,00
2020,2,CÃ³rdoba,31,00,00
2020,2,Corrientes,22,00,00
2020,2,EntreRÃ­os,20,00,00
2020,2,Formosa,17,00,00
2020,2,Jujuy,16,00,00
2020,2,LaPampa,8,00,00
2020,2,LaRioja,12,00,00
2020,2,Mendoza,9,00,00
2020,2,Misiones,23,00,00
2020,2,NeuquÃ©n,29,00,00
2020,2,RÃ­oNegro,20,00,00
2020,2,Salta,23,00,00
2020,2,SanJuan,6,00,00
2020,2,SanLuis,21,00,00
2020,2,SantaCruz,7,00,00
2020,2,SantaFe,24,00,00
2020,2,SantiagoDelEstero,10,00,00
2020,2,TierraDelFuego,8,00,00
2020,2,TucumÃ¡n,33,00,00
2020,1,BuenosAires,45,00,00
2020,1,CapitalFederal,59,00,00
2020,1,Catamarca,29,00,00
2020,1,Chaco,26,00,00
2020,1,Chubut,7,00,00
2020,1,CÃ³rdoba,29,00,00
2020,1,Corrientes,21,00,00
2020,1,EntreRÃ­os,19,00,00
2020,1,Formosa,16,00,00
2020,1,Jujuy,14,00,00
2020,1,LaPampa,7,00,00
2020,1,LaRioja,8,00,00
2020,1,Mendoza,8,00,00
2020,1,Misiones,22,00,00
2020,1,NeuquÃ©n,28,00,00
2020,1,RÃ­oNegro,19,00,00
2020,1,Salta,21,00,00
2020,1,SanJuan,6,00,00
2020,1,SanLuis,21,00,00
2020,1,SantaCruz,6,00,00
2020,1,SantaFe,22,00,00
2020,1,SantiagoDelEstero,10,00,00
2020,1,TierraDelFuego,7,00,00
2020,1,TucumÃ¡n,32,00,00
2019,4,BuenosAires,31,00,00
2019,4,CapitalFederal,44,00,00
2019,4,Catamarca,25,00,00
2019,4,Chaco,23,00,00
2019,4,Chubut,7,00,00
2019,4,CÃ³rdoba,26,00,00
2019,4,Corrientes,19,00,00
2019,4,EntreRÃ­os,17,00,00
2019,4,Formosa,15,00,00
2019,4,Jujuy,13,00,00
2019,4,LaPampa,7,00,00
2019,4,LaRioja,8,00,00
2019,4,Mendoza,8,00,00
2019,4,Misiones,20,00,00
2019,4,NeuquÃ©n,26,00,00
2019,4,RÃ­oNegro,17,00,00
2019,4,Salta,19,00,00
2019,4,SanJuan,6,00,00
2019,4,SanLuis,21,00,00
2019,4,SantaCruz,5,00,00
2019,4,SantaFe,21,00,00
2019,4,SantiagoDelEstero,10,00,00
2019,4,TierraDelFuego,7,00,00
2019,4,TucumÃ¡n,30,00,00
2019,3,BuenosAires,26,00,00
2019,3,CapitalFederal,39,00,00
2019,3,Catamarca,9,00,00
2019,3,Chaco,20,00,00
2019,3,Chubut,7,00,00
2019,3,CÃ³rdoba,23,00,00
2019,3,Corrientes,17,00,00
2019,3,EntreRÃ­os,15,00,00
2019,3,Formosa,13,00,00
2019,3,Jujuy,12,00,00
2019,3,LaPampa,6,00,00
2019,3,LaRioja,8,00,00
2019,3,Mendoza,6,00,00
2019,3,Misiones,18,00,00
2019,3,NeuquÃ©n,24,00,00
2019,3,RÃ­oNegro,16,00,00
2019,3,Salta,15,00,00
2019,3,SanJuan,6,00,00
2019,3,SanLuis,20,00,00
2019,3,SantaCruz,5,00,00
2019,3,SantaFe,18,00,00
2019,3,SantiagoDelEstero,9,00,00
2019,3,TierraDelFuego,7,00,00
2019,3,TucumÃ¡n,19,00,00
2019,2,BuenosAires,22,00,00
2019,2,CapitalFederal,30,00,00
2019,2,Catamarca,9,00,00
2019,2,Chaco,16,00,00
2019,2,Chubut,6,00,00
2019,2,CÃ³rdoba,18,00,00
2019,2,Corrientes,14,00,00
2019,2,EntreRÃ­os,12,00,00
2019,2,Formosa,11,00,00
2019,2,Jujuy,12,00,00
2019,2,LaPampa,5,00,00
2019,2,LaRioja,8,00,00
2019,2,Mendoza,6,00,00
2019,2,Misiones,14,00,00
2019,2,NeuquÃ©n,17,00,00
2019,2,RÃ­oNegro,12,00,00
2019,2,Salta,13,00,00
2019,2,SanJuan,6,00,00
2019,2,SanLuis,20,00,00
2019,2,SantaCruz,6,00,00
2019,2,SantaFe,15,00,00
2019,2,SantiagoDelEstero,7,00,00
2019,2,TierraDelFuego,6,00,00
2019,2,TucumÃ¡n,19,00,00
2019,1,BuenosAires,20,00,00
2019,1,CapitalFederal,25,00,00
2019,1,Catamarca,8,00,00
2019,1,Chaco,13,00,00
2019,1,Chubut,6,00,00
2019,1,CÃ³rdoba,16,00,00
2019,1,Corrientes,12,00,00
2019,1,EntreRÃ­os,11,00,00
2019,1,Formosa,10,00,00
2019,1,Jujuy,9,00,00
2019,1,LaPampa,5,00,00
2019,1,LaRioja,7,00,00
2019,1,Mendoza,6,00,00
2019,1,Misiones,13,00,00
2019,1,NeuquÃ©n,16,00,00
2019,1,RÃ­oNegro,10,00,00
2019,1,Salta,10,00,00
2019,1,SanJuan,6,00,00
2019,1,SanLuis,9,00,00
2019,1,SantaCruz,6,00,00
2019,1,SantaFe,13,00,00
2019,1,SantiagoDelEstero,6,00,00
2019,1,TierraDelFuego,6,00,00
2019,1,TucumÃ¡n,17,00,00
2018,4,BuenosAires,17,00,00
2018,4,CapitalFederal,23,00,00
2018,4,Catamarca,8,00,00
2018,4,Chaco,13,00,00
2018,4,Chubut,6,00,00
2018,4,CÃ³rdoba,16,00,00
2018,4,Corrientes,12,00,00
2018,4,EntreRÃ­os,11,00,00
2018,4,Formosa,10,00,00
2018,4,Jujuy,9,00,00
2018,4,LaPampa,4,00,00
2018,4,LaRioja,7,00,00
2018,4,Mendoza,6,00,00
2018,4,Misiones,12,00,00
2018,4,NeuquÃ©n,16,00,00
2018,4,RÃ­oNegro,10,00,00
2018,4,Salta,10,00,00
2018,4,SanJuan,6,00,00
2018,4,SanLuis,9,00,00
2018,4,SantaCruz,5,00,00
2018,4,SantaFe,13,00,00
2018,4,SantiagoDelEstero,6,00,00
2018,4,TierraDelFuego,7,00,00
2018,4,TucumÃ¡n,17,00,00
2018,3,BuenosAires,17,00,00
2018,3,CapitalFederal,22,00,00
2018,3,Catamarca,8,00,00
2018,3,Chaco,13,00,00
2018,3,Chubut,6,00,00
2018,3,CÃ³rdoba,15,00,00
2018,3,Corrientes,11,00,00
2018,3,EntreRÃ­os,11,00,00
2018,3,Formosa,9,00,00
2018,3,Jujuy,8,00,00
2018,3,LaPampa,4,00,00
2018,3,LaRioja,6,00,00
2018,3,Mendoza,6,00,00
2018,3,Misiones,12,00,00
2018,3,NeuquÃ©n,15,00,00
2018,3,RÃ­oNegro,10,00,00
2018,3,Salta,9,00,00
2018,3,SanJuan,6,00,00
2018,3,SanLuis,9,00,00
2018,3,SantaCruz,5,00,00
2018,3,SantaFe,12,00,00
2018,3,SantiagoDelEstero,6,00,00
2018,3,TierraDelFuego,6,00,00
2018,3,TucumÃ¡n,15,00,00
2018,2,BuenosAires,15,00,00
2018,2,CapitalFederal,19,00,00
2018,2,Catamarca,8,00,00
2018,2,Chaco,12,00,00
2018,2,Chubut,5,00,00
2018,2,CÃ³rdoba,14,00,00
2018,2,Corrientes,11,00,00
2018,2,EntreRÃ­os,10,00,00
2018,2,Formosa,9,00,00
2018,2,Jujuy,6,00,00
2018,2,LaPampa,4,00,00
2018,2,LaRioja,6,00,00
2018,2,Mendoza,6,00,00
2018,2,Misiones,12,00,00
2018,2,NeuquÃ©n,13,00,00
2018,2,RÃ­oNegro,10,00,00
2018,2,Salta,9,00,00
2018,2,SanJuan,6,00,00
2018,2,SanLuis,6,00,00
2018,2,SantaCruz,5,00,00
2018,2,SantaFe,12,00,00
2018,2,SantiagoDelEstero,6,00,00
2018,2,TierraDelFuego,6,00,00
2018,2,TucumÃ¡n,14,00,00
2018,1,BuenosAires,14,00,00
2018,1,CapitalFederal,18,00,00
2018,1,Catamarca,8,00,00
2018,1,Chaco,12,00,00
2018,1,Chubut,5,00,00
2018,1,CÃ³rdoba,13,00,00
2018,1,Corrientes,11,00,00
2018,1,EntreRÃ­os,10,00,00
2018,1,Formosa,11,00,00
2018,1,Jujuy,7,00,00
2018,1,LaPampa,4,00,00
2018,1,LaRioja,6,00,00
2018,1,Mendoza,6,00,00
2018,1,Misiones,12,00,00
2018,1,NeuquÃ©n,12,00,00
2018,1,RÃ­oNegro,9,00,00
2018,1,Salta,9,00,00
2018,1,SanJuan,6,00,00
2018,1,SanLuis,6,00,00
2018,1,SantaCruz,5,00,00
2018,1,SantaFe,11,00,00
2018,1,SantiagoDelEstero,6,00,00
2018,1,TierraDelFuego,6,00,00
2018,1,TucumÃ¡n,9,00,00
2017,4,BuenosAires,13,00,00
2017,4,CapitalFederal,15,00,00
2017,4,Catamarca,8,00,00
2017,4,Chaco,12,00,00
2017,4,Chubut,5,00,00
2017,4,CÃ³rdoba,12,00,00
2017,4,Corrientes,10,00,00
2017,4,EntreRÃ­os,9,00,00
2017,4,Formosa,10,00,00
2017,4,Jujuy,7,00,00
2017,4,LaPampa,4,00,00
2017,4,LaRioja,6,00,00
2017,4,Mendoza,6,00,00
2017,4,Misiones,11,00,00
2017,4,NeuquÃ©n,11,00,00
2017,4,RÃ­oNegro,8,00,00
2017,4,Salta,8,00,00
2017,4,SanJuan,6,00,00
2017,4,SanLuis,6,00,00
2017,4,SantaCruz,5,00,00
2017,4,SantaFe,10,00,00
2017,4,SantiagoDelEstero,6,00,00
2017,4,TierraDelFuego,5,00,00
2017,4,TucumÃ¡n,9,00,00
2017,3,BuenosAires,8,00,00
2017,3,CapitalFederal,11,00,00
2017,3,Catamarca,5,00,00
2017,3,Chaco,8,00,00
2017,3,Chubut,3,00,00
2017,3,CÃ³rdoba,9,00,00
2017,3,Corrientes,7,00,00
2017,3,EntreRÃ­os,7,00,00
2017,3,Formosa,7,00,00
2017,3,Jujuy,5,00,00
2017,3,LaPampa,3,00,00
2017,3,LaRioja,5,00,00
2017,3,Mendoza,4,00,00
2017,3,Misiones,8,00,00
2017,3,NeuquÃ©n,8,00,00
2017,3,RÃ­oNegro,5,00,00
2017,3,Salta,6,00,00
2017,3,SanJuan,3,00,00
2017,3,SanLuis,4,00,00
2017,3,SantaCruz,4,00,00
2017,3,SantaFe,8,00,00
2017,3,SantiagoDelEstero,5,00,00
2017,3,TierraDelFuego,3,00,00
2017,3,TucumÃ¡n,6,00,00
2017,2,BuenosAires,7,00,00
2017,2,CapitalFederal,9,00,00
2017,2,Catamarca,5,00,00
2017,2,Chaco,8,00,00
2017,2,Chubut,3,00,00
2017,2,CÃ³rdoba,7,00,00
2017,2,Corrientes,7,00,00
2017,2,EntreRÃ­os,6,00,00
2017,2,Formosa,6,00,00
2017,2,Jujuy,5,00,00
2017,2,LaPampa,3,00,00
2017,2,LaRioja,6,00,00
2017,2,Mendoza,4,00,00
2017,2,Misiones,8,00,00
2017,2,NeuquÃ©n,7,00,00
2017,2,RÃ­oNegro,5,00,00
2017,2,Salta,6,00,00
2017,2,SanJuan,3,00,00
2017,2,SanLuis,4,00,00
2017,2,SantaCruz,4,00,00
2017,2,SantaFe,7,00,00
2017,2,SantiagoDelEstero,5,00,00
2017,2,TierraDelFuego,3,00,00
2017,2,TucumÃ¡n,6,00,00
2017,1,BuenosAires,7,00,00
2017,1,CapitalFederal,8,00,00
2017,1,Catamarca,5,00,00
2017,1,Chaco,7,00,00
2017,1,Chubut,3,00,00
2017,1,CÃ³rdoba,7,00,00
2017,1,Corrientes,6,00,00
2017,1,EntreRÃ­os,6,00,00
2017,1,Formosa,6,00,00
2017,1,Jujuy,4,00,00
2017,1,LaPampa,3,00,00
2017,1,LaRioja,5,00,00
2017,1,Mendoza,4,00,00
2017,1,Misiones,7,00,00
2017,1,NeuquÃ©n,6,00,00
2017,1,RÃ­oNegro,4,00,00
2017,1,Salta,5,00,00
2017,1,SanJuan,3,00,00
2017,1,SanLuis,4,00,00
2017,1,SantaCruz,4,00,00
2017,1,SantaFe,6,00,00
2017,1,SantiagoDelEstero,5,00,00
2017,1,TierraDelFuego,3,00,00
2017,1,TucumÃ¡n,6,00,00
2016,4,BuenosAires,6,00,00
2016,4,CapitalFederal,8,00,00
2016,4,Catamarca,5,00,00
2016,4,Chaco,7,00,00
2016,4,Chubut,3,00,00
2016,4,CÃ³rdoba,6,00,00
2016,4,Corrientes,6,00,00
2016,4,EntreRÃ­os,6,00,00
2016,4,Formosa,6,00,00
2016,4,Jujuy,4,00,00
2016,4,LaPampa,3,00,00
2016,4,LaRioja,5,00,00
2016,4,Mendoza,4,00,00
2016,4,Misiones,7,00,00
2016,4,NeuquÃ©n,6,00,00
2016,4,RÃ­oNegro,4,00,00
2016,4,Salta,5,00,00
2016,4,SanJuan,3,00,00
2016,4,SanLuis,4,00,00
2016,4,SantaCruz,4,00,00
2016,4,SantaFe,6,00,00
2016,4,SantiagoDelEstero,5,00,00
2016,4,TierraDelFuego,3,00,00
2016,4,TucumÃ¡n,6,00,00
2016,3,BuenosAires,6,00,00
2016,3,CapitalFederal,7,00,00
2016,3,Catamarca,5,00,00
2016,3,Chaco,7,00,00
2016,3,Chubut,3,00,00
2016,3,CÃ³rdoba,6,00,00
2016,3,Corrientes,6,00,00
2016,3,EntreRÃ­os,6,00,00
2016,3,Formosa,5,00,00
2016,3,Jujuy,4,00,00
2016,3,LaPampa,3,00,00
2016,3,LaRioja,5,00,00
2016,3,Mendoza,4,00,00
2016,3,Misiones,7,00,00
2016,3,NeuquÃ©n,5,00,00
2016,3,RÃ­oNegro,4,00,00
2016,3,Salta,5,00,00
2016,3,SanJuan,3,00,00
2016,3,SanLuis,4,00,00
2016,3,SantaCruz,4,00,00
2016,3,SantaFe,6,00,00
2016,3,SantiagoDelEstero,5,00,00
2016,3,TierraDelFuego,3,00,00
2016,3,TucumÃ¡n,6,00,00
2016,2,BuenosAires,5,00,00
2016,2,CapitalFederal,7,00,00
2016,2,Catamarca,4,00,00
2016,2,Chaco,6,00,00
2016,2,Chubut,3,00,00
2016,2,CÃ³rdoba,6,00,00
2016,2,Corrientes,6,00,00
2016,2,EntreRÃ­os,5,00,00
2016,2,Formosa,5,00,00
2016,2,Jujuy,4,00,00
2016,2,LaPampa,3,00,00
2016,2,LaRioja,5,00,00
2016,2,Mendoza,4,00,00
2016,2,Misiones,6,00,00
2016,2,NeuquÃ©n,5,00,00
2016,2,RÃ­oNegro,4,00,00
2016,2,Salta,5,00,00
2016,2,SanJuan,3,00,00
2016,2,SanLuis,4,00,00
2016,2,SantaCruz,4,00,00
2016,2,SantaFe,5,00,00
2016,2,SantiagoDelEstero,4,00,00
2016,2,TierraDelFuego,3,00,00
2016,2,TucumÃ¡n,5,00,00
2016,1,BuenosAires,5,00,00
2016,1,CapitalFederal,6,00,00
2016,1,Catamarca,4,00,00
2016,1,Chaco,6,00,00
2016,1,Chubut,3,00,00
2016,1,CÃ³rdoba,5,00,00
2016,1,Corrientes,5,00,00
2016,1,EntreRÃ­os,5,00,00
2016,1,Formosa,5,00,00
2016,1,Jujuy,4,00,00
2016,1,LaPampa,3,00,00
2016,1,LaRioja,5,00,00
2016,1,Mendoza,4,00,00
2016,1,Misiones,6,00,00
2016,1,NeuquÃ©n,4,00,00
2016,1,RÃ­oNegro,4,00,00
2016,1,Salta,5,00,00
2016,1,SanJuan,3,00,00
2016,1,SanLuis,4,00,00
2016,1,SantaCruz,3,00,00
2016,1,SantaFe,5,00,00
2016,1,SantiagoDelEstero,4,00,00
2016,1,TierraDelFuego,3,00,00
2016,1,TucumÃ¡n,5,00,00
2015,4,BuenosAires,5,00,00
2015,4,CapitalFederal,6,00,00
2015,4,Catamarca,4,00,00
2015,4,Chaco,6,00,00
2015,4,Chubut,3,00,00
2015,4,CÃ³rdoba,5,00,00
2015,4,Corrientes,5,00,00
2015,4,EntreRÃ­os,5,00,00
2015,4,Formosa,5,00,00
2015,4,Jujuy,4,00,00
2015,4,LaPampa,3,00,00
2015,4,LaRioja,5,00,00
2015,4,Mendoza,4,00,00
2015,4,Misiones,6,00,00
2015,4,NeuquÃ©n,4,00,00
2015,4,RÃ­oNegro,4,00,00
2015,4,Salta,5,00,00
2015,4,SanJuan,3,00,00
2015,4,SanLuis,4,00,00
2015,4,SantaCruz,3,00,00
2015,4,SantaFe,5,00,00
2015,4,SantiagoDelEstero,4,00,00
2015,4,TierraDelFuego,3,00,00
2015,4,TucumÃ¡n,5,00,00
2015,3,BuenosAires,5,00,00
2015,3,CapitalFederal,6,00,00
2015,3,Catamarca,4,00,00
2015,3,Chaco,5,00,00
2015,3,Chubut,3,00,00
2015,3,CÃ³rdoba,5,00,00
2015,3,Corrientes,5,00,00
2015,3,EntreRÃ­os,5,00,00
2015,3,Formosa,4,00,00
2015,3,Jujuy,4,00,00
2015,3,LaPampa,3,00,00
2015,3,LaRioja,4,00,00
2015,3,Mendoza,4,00,00
2015,3,Misiones,6,00,00
2015,3,NeuquÃ©n,4,00,00
2015,3,RÃ­oNegro,4,00,00
2015,3,Salta,4,00,00
2015,3,SanJuan,3,00,00
2015,3,SanLuis,4,00,00
2015,3,SantaCruz,3,00,00
2015,3,SantaFe,5,00,00
2015,3,SantiagoDelEstero,4,00,00
2015,3,TierraDelFuego,3,00,00
2015,3,TucumÃ¡n,5,00,00
2015,2,BuenosAires,4,00,00
2015,2,CapitalFederal,5,00,00
2015,2,Catamarca,4,00,00
2015,2,Chaco,5,00,00
2015,2,Chubut,3,00,00
2015,2,CÃ³rdoba,5,00,00
2015,2,Corrientes,5,00,00
2015,2,EntreRÃ­os,5,00,00
2015,2,Formosa,4,00,00
2015,2,Jujuy,3,00,00
2015,2,LaPampa,3,00,00
2015,2,LaRioja,4,00,00
2015,2,Mendoza,4,00,00
2015,2,Misiones,5,00,00
2015,2,NeuquÃ©n,4,00,00
2015,2,RÃ­oNegro,4,00,00
2015,2,Salta,4,00,00
2015,2,SanJuan,3,00,00
2015,2,SanLuis,4,00,00
2015,2,SantaCruz,3,00,00
2015,2,SantaFe,4,00,00
2015,2,SantiagoDelEstero,4,00,00
2015,2,TierraDelFuego,3,00,00
2015,2,TucumÃ¡n,4,00,00
2015,1,BuenosAires,4,00,00
2015,1,CapitalFederal,5,00,00
2015,1,Catamarca,3,00,00
2015,1,Chaco,5,00,00
2015,1,Chubut,3,00,00
2015,1,CÃ³rdoba,4,00,00
2015,1,Corrientes,5,00,00
2015,1,EntreRÃ­os,4,00,00
2015,1,Formosa,3,00,00
2015,1,Jujuy,3,00,00
2015,1,LaPampa,3,00,00
2015,1,LaRioja,4,00,00
2015,1,Mendoza,4,00,00
2015,1,Misiones,5,00,00
2015,1,NeuquÃ©n,4,00,00
2015,1,RÃ­oNegro,4,00,00
2015,1,Salta,4,00,00
2015,1,SanJuan,3,00,00
2015,1,SanLuis,4,00,00
2015,1,SantaCruz,3,00,00
2015,1,SantaFe,4,00,00
2015,1,SantiagoDelEstero,4,00,00
2015,1,TierraDelFuego,3,00,00
2015,1,TucumÃ¡n,4,00,00
2014,4,BuenosAires,4,00,00
2014,4,CapitalFederal,5,00,00
2014,4,Catamarca,3,00,00
2014,4,Chaco,4,00,00
2014,4,Chubut,3,00,00
2014,4,CÃ³rdoba,4,00,00
2014,4,Corrientes,4,00,00
2014,4,EntreRÃ­os,4,00,00
2014,4,Formosa,3,00,00
2014,4,Jujuy,3,00,00
2014,4,LaPampa,3,00,00
2014,4,LaRioja,4,00,00
2014,4,Mendoza,4,00,00
2014,4,Misiones,4,00,00
2014,4,NeuquÃ©n,4,00,00
2014,4,RÃ­oNegro,4,00,00
2014,4,Salta,4,00,00
2014,4,SanJuan,3,00,00
2014,4,SanLuis,4,00,00
2014,4,SantaCruz,3,00,00
2014,4,SantaFe,4,00,00
2014,4,SantiagoDelEstero,3,00,00
2014,4,TierraDelFuego,3,00,00
2014,4,TucumÃ¡n,4,00,00
2014,3,BuenosAires,4,00,00
2014,3,CapitalFederal,4,00,00
2014,3,Catamarca,3,00,00
2014,3,Chaco,3,00,00
2014,3,Chubut,3,00,00
2014,3,CÃ³rdoba,4,00,00
2014,3,Corrientes,3,00,00
2014,3,EntreRÃ­os,3,00,00
2014,3,Formosa,3,00,00
2014,3,Jujuy,3,00,00
2014,3,LaPampa,3,00,00
2014,3,LaRioja,3,00,00
2014,3,Mendoza,4,00,00
2014,3,Misiones,4,00,00
2014,3,NeuquÃ©n,4,00,00
2014,3,RÃ­oNegro,3,00,00
2014,3,Salta,3,00,00
2014,3,SanJuan,3,00,00
2014,3,SanLuis,4,00,00
2014,3,SantaCruz,3,00,00
2014,3,SantaFe,3,00,00
2014,3,SantiagoDelEstero,3,00,00
2014,3,TierraDelFuego,3,00,00
2014,3,TucumÃ¡n,3,00,00
2014,2,BuenosAires,4,00,00
2014,2,CapitalFederal,4,00,00
2014,2,Catamarca,3,00,00
2014,2,Chaco,3,00,00
2014,2,Chubut,3,00,00
2014,2,CÃ³rdoba,4,00,00
2014,2,Corrientes,3,00,00
2014,2,EntreRÃ­os,3,00,00
2014,2,Formosa,3,00,00
2014,2,Jujuy,3,00,00
2014,2,LaPampa,3,00,00
2014,2,LaRioja,3,00,00
2014,2,Mendoza,4,00,00
2014,2,Misiones,4,00,00
2014,2,NeuquÃ©n,4,00,00
2014,2,RÃ­oNegro,3,00,00
2014,2,Salta,3,00,00
2014,2,SanJuan,3,00,00
2014,2,SanLuis,4,00,00
2014,2,SantaCruz,3,00,00
2014,2,SantaFe,3,00,00
2014,2,SantiagoDelEstero,3,00,00
2014,2,TierraDelFuego,3,00,00
2014,2,TucumÃ¡n,3,00,00
2014,1,BuenosAires,4,00,00
2014,1,CapitalFederal,4,00,00
2014,1,Catamarca,3,00,00
2014,1,Chaco,3,00,00
2014,1,Chubut,3,00,00
2014,1,CÃ³rdoba,3,00,00
2014,1,Corrientes,3,00,00
2014,1,EntreRÃ­os,3,00,00
2014,1,Formosa,3,00,00
2014,1,Jujuy,3,00,00
2014,1,LaPampa,3,00,00
2014,1,LaRioja,3,00,00
2014,1,Mendoza,4,00,00
2014,1,Misiones,3,00,00
2014,1,NeuquÃ©n,4,00,00
2014,1,RÃ­oNegro,3,00,00
2014,1,Salta,3,00,00
2014,1,SanJuan,3,00,00
2014,1,SanLuis,4,00,00
2014,1,SantaCruz,3,00,00
2014,1,SantaFe,3,00,00
2014,1,SantiagoDelEstero,3,00,00
2014,1,TierraDelFuego,3,00,00
2014,1,TucumÃ¡n,3,00,00
